Index,File,Labels
1,Wall02-12 - 010.jpg,1
2,Wall01-05 - 027.jpg,1
3,Wall01-01 - 021.jpg,0
4,Wall02-37 - 021.jpg,1
5,Wall01-11 - 039.jpg,0
6,Wall02-32 - 030.jpg,0
7,Wall02-35 - 028.jpg,1
8,Wall02-06 - 030.jpg,0
9,Wall02-02 - 036.jpg,0
10,Wall02-08 - 033.jpg,0
11,Wall02-36 - 026.jpg,1
12,Wall01-11 - 034.jpg,0
13,Wall01-07 - 037.jpg,1
14,Wall02-15 - 047.jpg,1
15,Wall01-08 - 035.jpg,1
16,Wall01-04 - 028.jpg,1
17,Wall02-32 - 018.jpg,1
18,Wall02-11 - 039.jpg,0
19,Wall01-08 - 018.jpg,1
20,Wall01-13 - 029.jpg,1
21,Wall01-09 - 025.jpg,1
22,Wall02-31 - 026.jpg,1
23,Wall02-21 - 027.jpg,1
24,Wall01-02 - 011.jpg,0
25,Wall02-17 - 026.jpg,1
26,Wall02-34 - 030.jpg,1
27,Wall02-10 - 018.jpg,1
28,Wall02-04 - 011.jpg,1
29,Wall01-10 - 030.jpg,1
30,Wall02-16 - 025.jpg,0
31,Wall02-04 - 035.jpg,1
32,Wall02-19 - 019.jpg,1
33,Wall02-10 - 027.jpg,1
34,Wall02-03 - 036.jpg,0
35,Wall02-08 - 018.jpg,1
36,Wall02-36 - 028.jpg,1
37,Wall01-12 - 044.jpg,1
38,Wall02-21 - 034.jpg,1
39,Wall01-08 - 028.jpg,1
40,Wall02-37 - 038.jpg,1
41,Wall02-04 - 020.jpg,0
42,Wall01-10 - 022.jpg,0
43,Wall02-15 - 026.jpg,0
44,Wall02-25 - 013.jpg,0
45,Wall02-23 - 042.jpg,1
46,Wall02-38 - 034.jpg,1
47,Wall01-10 - 027.jpg,1
48,Wall02-10 - 020.jpg,0
49,Wall02-01 - 029.jpg,1
50,Wall02-27 - 047.jpg,0
51,Wall02-20 - 021.jpg,1
52,Wall01-08 - 030.jpg,0
53,Wall01-05 - 043.jpg,1
54,Wall02-07 - 009.jpg,0
55,Wall01-06 - 009.jpg,1
56,Wall02-20 - 038.jpg,0
57,Wall02-33 - 028.jpg,1
58,Wall02-19 - 018.jpg,1
59,Wall02-11 - 025.jpg,0
60,Wall01-15 - 017.jpg,1
61,Wall02-06 - 022.jpg,1
62,Wall02-28 - 042.jpg,0
63,Wall01-12 - 018.jpg,1
64,Wall02-35 - 026.jpg,1
65,Wall02-24 - 026.jpg,1
66,Wall01-12 - 041.jpg,1
67,Wall02-24 - 022.jpg,0
68,Wall01-03 - 026.jpg,0
69,Wall02-32 - 028.jpg,0
70,Wall02-18 - 019.jpg,1
71,Wall02-32 - 035.jpg,0
72,Wall02-03 - 029.jpg,1
73,Wall02-28 - 028.jpg,1
74,Wall01-09 - 026.jpg,1
75,Wall01-14 - 031.jpg,1
76,Wall02-38 - 023.jpg,1
77,Wall01-05 - 023.jpg,0
78,Wall01-02 - 019.jpg,0
79,Wall02-03 - 030.jpg,1
80,Wall02-09 - 021.jpg,1
81,Wall01-03 - 012.jpg,0
82,Wall01-09 - 027.jpg,1
83,Wall02-29 - 030.jpg,1
84,Wall02-14 - 019.jpg,0
85,Wall02-36 - 017.jpg,1
86,Wall01-02 - 012.jpg,0
87,Wall01-06 - 036.jpg,0
88,Wall01-02 - 008.jpg,0
89,Wall02-27 - 037.jpg,0
90,Wall02-33 - 042.jpg,1
91,Wall01-14 - 044.jpg,1
92,Wall02-31 - 033.jpg,1
93,Wall02-11 - 016.jpg,1
94,Wall01-01 - 022.jpg,0
95,Wall02-37 - 027.jpg,1
96,Wall02-14 - 013.jpg,0
97,Wall01-15 - 022.jpg,0
98,Wall01-02 - 021.jpg,0
99,Wall01-15 - 025.jpg,0
100,Wall02-08 - 029.jpg,0
101,Wall01-10 - 035.jpg,1
102,Wall01-14 - 043.jpg,1
103,Wall02-17 - 011.jpg,1
104,Wall02-29 - 045.jpg,1
105,Wall02-17 - 028.jpg,0
106,Wall02-10 - 012.jpg,1
107,Wall02-07 - 014.jpg,1
108,Wall01-06 - 010.jpg,0
109,Wall01-04 - 027.jpg,0
110,Wall02-32 - 017.jpg,1
111,Wall01-13 - 046.jpg,1
112,Wall01-05 - 031.jpg,0
113,Wall01-05 - 022.jpg,0
114,Wall02-37 - 042.jpg,1
115,Wall02-02 - 044.jpg,0
116,Wall02-06 - 028.jpg,1
117,Wall02-27 - 038.jpg,1
118,Wall02-16 - 012.jpg,1
119,Wall02-14 - 028.jpg,0
120,Wall02-35 - 019.jpg,0
121,Wall02-32 - 029.jpg,0
122,Wall02-34 - 031.jpg,1
123,Wall02-11 - 013.jpg,1
124,Wall02-01 - 030.jpg,1
125,Wall01-03 - 028.jpg,1
126,Wall02-22 - 039.jpg,0
127,Wall02-14 - 020.jpg,0
128,Wall01-01 - 028.jpg,0
129,Wall01-12 - 035.jpg,1
130,Wall02-12 - 029.jpg,0
131,Wall01-09 - 019.jpg,0
132,Wall02-16 - 029.jpg,0
133,Wall01-11 - 036.jpg,0
134,Wall01-02 - 024.jpg,0
135,Wall02-06 - 036.jpg,1
136,Wall02-07 - 011.jpg,0
137,Wall02-12 - 034.jpg,1
138,Wall02-24 - 027.jpg,1
139,Wall02-35 - 027.jpg,1
140,Wall02-11 - 022.jpg,1
141,Wall02-29 - 037.jpg,1
142,Wall02-28 - 021.jpg,1
143,Wall01-08 - 027.jpg,1
144,Wall02-27 - 031.jpg,1
145,Wall02-15 - 041.jpg,0
146,Wall02-13 - 026.jpg,0
147,Wall02-09 - 035.jpg,0
148,Wall02-15 - 035.jpg,0
149,Wall02-34 - 044.jpg,1
150,Wall01-02 - 038.jpg,0
151,Wall02-34 - 041.jpg,1
152,Wall02-38 - 037.jpg,1
153,Wall01-05 - 010.jpg,0
154,Wall01-12 - 037.jpg,1
155,Wall01-06 - 015.jpg,0
156,Wall02-18 - 025.jpg,0
157,Wall01-13 - 038.jpg,1
158,Wall02-12 - 017.jpg,1
159,Wall02-31 - 030.jpg,1
160,Wall01-11 - 035.jpg,1
161,Wall02-07 - 026.jpg,1
162,Wall01-03 - 022.jpg,1
163,Wall01-15 - 018.jpg,1
164,Wall01-03 - 014.jpg,0
165,Wall01-15 - 023.jpg,1
166,Wall01-07 - 025.jpg,0
167,Wall02-14 - 033.jpg,0
168,Wall02-38 - 028.jpg,1
169,Wall02-36 - 029.jpg,1
170,Wall02-11 - 010.jpg,1
171,Wall02-35 - 039.jpg,1
172,Wall02-16 - 038.jpg,0
173,Wall02-38 - 022.jpg,1
174,Wall01-04 - 017.jpg,0
175,Wall02-07 - 027.jpg,1
176,Wall02-11 - 037.jpg,1
177,Wall02-09 - 015.jpg,0
178,Wall02-28 - 034.jpg,0
179,Wall01-13 - 041.jpg,1
180,Wall01-08 - 036.jpg,1
181,Wall01-15 - 043.jpg,1
182,Wall02-32 - 026.jpg,1
183,Wall02-15 - 043.jpg,1
184,Wall01-09 - 041.jpg,1
185,Wall02-06 - 027.jpg,1
186,Wall02-34 - 018.jpg,1
187,Wall01-03 - 027.jpg,0
188,Wall02-18 - 015.jpg,0
189,Wall02-30 - 030.jpg,1
190,Wall02-08 - 037.jpg,0
191,Wall01-07 - 034.jpg,0
192,Wall02-03 - 023.jpg,0
193,Wall02-24 - 035.jpg,1
194,Wall02-17 - 009.jpg,1
195,Wall02-02 - 022.jpg,1
196,Wall02-13 - 030.jpg,0
197,Wall02-03 - 034.jpg,1
198,Wall01-03 - 042.jpg,0
199,Wall01-06 - 038.jpg,0
200,Wall01-06 - 012.jpg,1
201,Wall02-03 - 019.jpg,0
202,Wall02-11 - 029.jpg,1
203,Wall02-08 - 031.jpg,0
204,Wall02-14 - 015.jpg,0
205,Wall02-28 - 037.jpg,0
206,Wall02-38 - 045.jpg,1
207,Wall02-17 - 027.jpg,1
208,Wall02-07 - 018.jpg,1
209,Wall02-30 - 043.jpg,1
210,Wall01-08 - 033.jpg,0
211,Wall02-16 - 033.jpg,0
212,Wall02-10 - 029.jpg,1
213,Wall02-12 - 036.jpg,0