,File,Labels,Legend-Number,Legend-Word
0,Wall02-37 - 036.jpg,1,0,No crack
1,Wall02-29 - 046.jpg,1,1,Crack
2,Wall01-14 - 028.jpg,0,2,Vague
3,Wall01-09 - 029.jpg,1,3,Partial
4,Wall02-04 - 031.jpg,0,4,No Brick
5,Wall01-04 - 030.jpg,1,,
6,Wall02-22 - 029.jpg,0,,
7,Wall02-26 - 014.jpg,1,,
8,Wall01-10 - 021.jpg,0,,
9,Wall02-14 - 034.jpg,1,,
10,Wall02-04 - 038.jpg,0,,
11,Wall02-36 - 030.jpg,1,,
12,Wall01-03 - 041.jpg,0,,
13,Wall02-33 - 025.jpg,1,,
14,Wall01-12 - 047.jpg,1,,
15,Wall02-10 - 039.jpg,1,,
16,Wall02-28 - 018.jpg,0,,
17,Wall01-15 - 037.jpg,1,,
18,Wall02-07 - 034.jpg,0,,
19,Wall02-17 - 012.jpg,1,,
20,Wall02-15 - 018.jpg,0,,
21,Wall02-04 - 025.jpg,1,,
22,Wall02-08 - 025.jpg,0,,
23,Wall02-20 - 023.jpg,0,,
24,Wall02-23 - 038.jpg,0,,
25,Wall02-01 - 044.jpg,0,,
26,Wall02-38 - 036.jpg,1,,
27,Wall01-10 - 033.jpg,0,,
28,Wall02-03 - 031.jpg,1,,
29,Wall02-09 - 033.jpg,0,,
30,Wall01-12 - 031.jpg,0,,
31,Wall02-38 - 026.jpg,1,,
32,Wall02-37 - 018.jpg,1,,
33,Wall02-17 - 021.jpg,0,,
34,Wall01-08 - 020.jpg,1,,
35,Wall02-35 - 044.jpg,1,,
36,Wall01-05 - 036.jpg,1,,
37,Wall01-02 - 022.jpg,0,,
38,Wall02-36 - 042.jpg,1,,
39,Wall01-12 - 034.jpg,0,,
40,Wall02-16 - 035.jpg,0,,
41,Wall02-32 - 045.jpg,1,,
42,Wall02-29 - 035.jpg,1,,
43,Wall02-04 - 033.jpg,1,,
44,Wall02-15 - 017.jpg,0,,
45,Wall02-35 - 035.jpg,1,,
46,Wall01-05 - 021.jpg,1,,
47,Wall01-15 - 028.jpg,1,,
48,Wall02-33 - 044.jpg,1,,
49,Wall02-15 - 036.jpg,0,,
50,Wall01-03 - 035.jpg,1,,
51,Wall02-16 - 026.jpg,0,,
52,Wall02-02 - 035.jpg,0,,
53,Wall01-09 - 022.jpg,0,,
54,Wall02-06 - 034.jpg,1,,
55,Wall02-06 - 019.jpg,1,,
56,Wall01-06 - 025.jpg,0,,
57,Wall02-23 - 033.jpg,0,,
58,Wall02-11 - 035.jpg,0,,
59,Wall01-13 - 021.jpg,1,,
60,Wall02-07 - 022.jpg,1,,
61,Wall02-28 - 030.jpg,1,,
62,Wall02-19 - 027.jpg,1,,
63,Wall01-03 - 019.jpg,0,,
64,Wall02-27 - 029.jpg,0,,
65,Wall01-08 - 042.jpg,1,,
66,Wall02-08 - 026.jpg,1,,
67,Wall02-38 - 039.jpg,1,,
68,Wall01-07 - 021.jpg,1,,
69,Wall02-35 - 030.jpg,1,,
70,Wall02-33 - 022.jpg,1,,
71,Wall01-15 - 019.jpg,0,,
72,Wall01-08 - 026.jpg,1,,
73,Wall02-17 - 031.jpg,0,,
74,Wall01-14 - 035.jpg,1,,
75,Wall02-13 - 010.jpg,1,,
76,Wall02-13 - 033.jpg,0,,
77,Wall01-05 - 028.jpg,1,,
78,Wall02-16 - 020.jpg,1,,
79,Wall02-02 - 031.jpg,1,,
80,Wall02-31 - 018.jpg,1,,
81,Wall01-11 - 018.jpg,1,,
82,Wall02-31 - 025.jpg,1,,
83,Wall02-32 - 033.jpg,1,,
84,Wall02-05 - 033.jpg,0,,
85,Wall01-02 - 029.jpg,0,,
86,Wall01-06 - 014.jpg,0,,
87,Wall02-36 - 033.jpg,1,,
88,Wall02-37 - 026.jpg,1,,
89,Wall02-05 - 037.jpg,0,,
90,Wall02-08 - 020.jpg,1,,
91,Wall02-35 - 042.jpg,1,,
92,Wall02-30 - 047.jpg,0,,
93,Wall01-02 - 013.jpg,0,,
94,Wall02-28 - 023.jpg,0,,
95,Wall02-11 - 021.jpg,1,,
96,Wall02-30 - 037.jpg,1,,
97,Wall02-23 - 034.jpg,1,,
98,Wall01-09 - 036.jpg,0,,
99,Wall02-16 - 037.jpg,0,,
100,Wall01-03 - 009.jpg,0,,
101,Wall02-18 - 026.jpg,1,,
102,Wall02-01 - 022.jpg,0,,
103,Wall02-10 - 013.jpg,1,,
104,Wall02-22 - 035.jpg,0,,
105,Wall02-02 - 047.jpg,0,,
106,Wall01-05 - 017.jpg,0,,
107,Wall02-22 - 034.jpg,0,,
108,Wall02-08 - 012.jpg,1,,
109,Wall02-12 - 023.jpg,0,,
110,Wall02-01 - 020.jpg,0,,
111,Wall02-34 - 036.jpg,1,,
112,Wall02-15 - 022.jpg,0,,
113,Wall01-15 - 030.jpg,1,,
114,Wall01-04 - 009.jpg,1,,
115,Wall02-36 - 038.jpg,1,,
116,Wall02-08 - 030.jpg,1,,
117,Wall01-15 - 026.jpg,0,,
118,Wall02-10 - 019.jpg,1,,
119,Wall02-10 - 022.jpg,1,,
120,Wall01-01 - 029.jpg,0,,
121,Wall02-06 - 035.jpg,1,,
122,Wall02-31 - 028.jpg,0,,
123,Wall02-38 - 030.jpg,1,,
124,Wall02-17 - 014.jpg,1,,
125,Wall02-25 - 018.jpg,1,,
126,Wall01-04 - 031.jpg,0,,
127,Wall02-21 - 028.jpg,1,,
128,Wall02-21 - 022.jpg,1,,
129,Wall02-32 - 025.jpg,1,,
130,Wall02-03 - 038.jpg,1,,
131,Wall01-05 - 042.jpg,0,,
132,Wall02-31 - 029.jpg,0,,
133,Wall01-04 - 036.jpg,0,,
134,Wall02-08 - 036.jpg,1,,
135,Wall01-03 - 040.jpg,0,,
136,Wall02-31 - 037.jpg,0,,
137,Wall02-29 - 028.jpg,1,,
138,Wall01-12 - 019.jpg,1,,
139,Wall01-03 - 010.jpg,0,,
140,Wall02-28 - 031.jpg,1,,
141,Wall02-10 - 021.jpg,1,,
142,Wall01-07 - 030.jpg,1,,
143,Wall02-15 - 046.jpg,1,,
144,Wall01-08 - 021.jpg,1,,
145,Wall02-34 - 029.jpg,1,,
146,Wall01-02 - 034.jpg,0,,
147,Wall01-14 - 038.jpg,1,,
148,Wall02-29 - 026.jpg,1,,
149,Wall02-15 - 044.jpg,0,,
150,Wall02-12 - 015.jpg,1,,
151,Wall01-11 - 033.jpg,0,,
152,Wall02-13 - 027.jpg,0,,
153,Wall01-02 - 009.jpg,0,,
154,Wall01-11 - 021.jpg,1,,
155,Wall01-06 - 026.jpg,0,,
156,Wall02-20 - 027.jpg,1,,
157,Wall02-37 - 044.jpg,1,,
158,Wall02-10 - 033.jpg,0,,
159,Wall01-03 - 021.jpg,0,,
160,Wall02-10 - 035.jpg,0,,
161,Wall01-03 - 017.jpg,0,,
162,Wall02-30 - 045.jpg,1,,
163,Wall02-24 - 023.jpg,0,,
164,Wall02-04 - 036.jpg,0,,
165,Wall02-05 - 028.jpg,0,,
166,Wall01-06 - 042.jpg,0,,
167,Wall01-14 - 021.jpg,1,,
168,Wall01-15 - 044.jpg,1,,
169,Wall02-28 - 027.jpg,1,,
170,Wall02-01 - 039.jpg,0,,
171,Wall02-20 - 029.jpg,1,,
172,Wall02-09 - 010.jpg,0,,
173,Wall01-09 - 020.jpg,0,,
174,Wall02-02 - 046.jpg,0,,
175,Wall02-06 - 029.jpg,0,,
176,Wall02-27 - 028.jpg,0,,
177,Wall01-14 - 020.jpg,1,,
178,Wall02-05 - 035.jpg,0,,
179,Wall02-12 - 018.jpg,1,,
180,Wall02-23 - 029.jpg,1,,
181,Wall02-14 - 009.jpg,0,,
182,Wall01-01 - 026.jpg,0,,
183,Wall01-04 - 037.jpg,0,,
184,Wall01-07 - 023.jpg,0,,
185,Wall02-04 - 029.jpg,0,,
186,Wall02-19 - 035.jpg,1,,
187,Wall01-10 - 028.jpg,1,,
188,Wall02-04 - 009.jpg,1,,
189,Wall02-19 - 023.jpg,0,,
190,Wall02-08 - 021.jpg,0,,
191,Wall02-08 - 019.jpg,1,,
192,Wall01-03 - 030.jpg,1,,
193,Wall02-16 - 018.jpg,0,,
194,Wall02-22 - 038.jpg,0,,
195,Wall01-10 - 037.jpg,0,,
196,Wall01-01 - 038.jpg,0,,
197,Wall02-11 - 027.jpg,0,,
198,Wall01-04 - 021.jpg,1,,
199,Wall02-24 - 038.jpg,0,,
200,Wall02-21 - 043.jpg,1,,
201,Wall01-13 - 020.jpg,0,,
202,Wall01-11 - 031.jpg,0,,
203,Wall01-02 - 025.jpg,0,,
204,Wall02-14 - 023.jpg,1,,
205,Wall02-34 - 035.jpg,1,,
206,Wall02-09 - 020.jpg,1,,
207,Wall01-02 - 020.jpg,0,,
208,Wall02-37 - 037.jpg,1,,
209,Wall01-10 - 023.jpg,0,,
210,Wall02-11 - 026.jpg,1,,
211,Wall02-05 - 020.jpg,0,,
212,Wall02-15 - 021.jpg,1,,
213,Wall01-11 - 022.jpg,0,,
214,Wall02-16 - 036.jpg,0,,
215,Wall02-38 - 025.jpg,1,,
216,Wall02-36 - 022.jpg,1,,
217,Wall02-21 - 018.jpg,0,,
218,Wall02-07 - 028.jpg,0,,
219,Wall02-33 - 019.jpg,1,,
220,Wall02-36 - 023.jpg,0,,
221,Wall02-09 - 039.jpg,0,,
222,Wall02-32 - 037.jpg,0,,
223,Wall02-13 - 029.jpg,0,,
224,Wall02-03 - 037.jpg,0,,
225,Wall02-32 - 027.jpg,1,,
226,Wall02-02 - 021.jpg,0,,
227,Wall02-03 - 026.jpg,1,,
228,Wall02-27 - 045.jpg,1,,
229,Wall01-04 - 011.jpg,1,,
230,Wall02-16 - 013.jpg,1,,
231,Wall02-34 - 038.jpg,1,,
232,Wall02-01 - 031.jpg,1,,
233,Wall02-10 - 014.jpg,1,,
234,Wall02-21 - 035.jpg,1,,
235,Wall02-25 - 020.jpg,1,,
236,Wall01-01 - 036.jpg,0,,
237,Wall02-37 - 033.jpg,1,,
238,Wall02-32 - 019.jpg,0,,
239,Wall01-05 - 012.jpg,1,,
240,Wall02-07 - 012.jpg,1,,
241,Wall02-25 - 038.jpg,1,,
242,Wall02-30 - 042.jpg,1,,
243,Wall01-14 - 036.jpg,1,,
244,Wall02-20 - 019.jpg,1,,
245,Wall02-37 - 029.jpg,1,,
246,Wall02-07 - 025.jpg,1,,
247,Wall01-07 - 038.jpg,0,,
248,Wall01-14 - 025.jpg,0,,
249,Wall01-08 - 039.jpg,0,,
250,Wall02-36 - 020.jpg,1,,
251,Wall01-05 - 034.jpg,0,,
252,Wall02-03 - 022.jpg,1,,
253,Wall01-09 - 018.jpg,0,,
254,Wall02-14 - 037.jpg,0,,
255,Wall02-28 - 025.jpg,1,,
256,Wall02-01 - 026.jpg,1,,
257,Wall02-26 - 019.jpg,1,,
258,Wall02-10 - 034.jpg,0,,
259,Wall01-12 - 021.jpg,1,,
260,Wall02-30 - 018.jpg,0,,
261,Wall02-01 - 045.jpg,0,,
262,Wall02-03 - 027.jpg,1,,
263,Wall02-38 - 019.jpg,1,,
264,Wall01-05 - 018.jpg,1,,
265,Wall02-04 - 037.jpg,0,,
266,Wall02-35 - 036.jpg,1,,
267,Wall01-11 - 030.jpg,1,,
268,Wall02-31 - 042.jpg,1,,
269,Wall02-19 - 037.jpg,0,,
270,Wall02-18 - 037.jpg,0,,
271,Wall01-04 - 025.jpg,0,,
272,Wall02-18 - 029.jpg,0,,
273,Wall02-31 - 044.jpg,1,,
274,Wall02-24 - 045.jpg,1,,
275,Wall01-02 - 036.jpg,0,,
276,Wall02-07 - 017.jpg,1,,
277,Wall01-08 - 043.jpg,1,,
278,Wall02-16 - 034.jpg,0,,
279,Wall02-18 - 011.jpg,1,,
280,Wall02-12 - 039.jpg,0,,
281,Wall01-02 - 014.jpg,0,,
282,Wall02-16 - 030.jpg,0,,
283,Wall01-03 - 011.jpg,0,,
284,Wall02-26 - 022.jpg,1,,
285,Wall02-03 - 028.jpg,1,,
286,Wall02-37 - 039.jpg,1,,
287,Wall01-01 - 020.jpg,0,,
288,Wall02-24 - 029.jpg,1,,
289,Wall02-04 - 010.jpg,1,,
290,Wall02-36 - 036.jpg,1,,
291,Wall01-02 - 039.jpg,0,,
292,Wall02-31 - 027.jpg,1,,
293,Wall01-08 - 041.jpg,1,,
294,Wall02-05 - 038.jpg,1,,
295,Wall01-04 - 015.jpg,1,,
296,Wall02-13 - 031.jpg,0,,
297,Wall02-16 - 027.jpg,0,,
298,Wall02-18 - 012.jpg,1,,
299,Wall01-05 - 033.jpg,0,,
300,Wall02-27 - 021.jpg,1,,
301,Wall02-18 - 028.jpg,0,,
302,Wall02-19 - 036.jpg,0,,
303,Wall01-06 - 034.jpg,0,,
304,Wall02-03 - 025.jpg,1,,
305,Wall02-27 - 046.jpg,1,,
306,Wall01-11 - 025.jpg,0,,
307,Wall02-10 - 028.jpg,1,,
308,Wall02-09 - 029.jpg,1,,
309,Wall02-26 - 031.jpg,1,,
310,Wall02-18 - 030.jpg,0,,
311,Wall02-14 - 036.jpg,1,,
312,Wall01-07 - 031.jpg,0,,
313,Wall02-12 - 027.jpg,1,,
314,Wall01-04 - 010.jpg,0,,
315,Wall02-30 - 027.jpg,1,,
316,Wall02-36 - 018.jpg,1,,
317,Wall02-12 - 031.jpg,0,,
318,Wall02-17 - 037.jpg,0,,
319,Wall02-29 - 043.jpg,1,,
320,Wall02-35 - 037.jpg,1,,
321,Wall02-35 - 043.jpg,1,,
322,Wall01-13 - 042.jpg,1,,
323,Wall02-30 - 033.jpg,1,,
324,Wall02-37 - 023.jpg,0,,
325,Wall01-12 - 038.jpg,1,,
326,Wall02-32 - 041.jpg,1,,
327,Wall02-22 - 036.jpg,0,,
328,Wall02-31 - 043.jpg,1,,
329,Wall02-31 - 021.jpg,1,,
330,Wall02-35 - 034.jpg,1,,
331,Wall02-33 - 021.jpg,1,,
332,Wall01-02 - 035.jpg,0,,
333,Wall02-10 - 026.jpg,0,,
334,Wall02-07 - 021.jpg,1,,
335,Wall01-06 - 021.jpg,1,,
336,Wall02-30 - 036.jpg,1,,
337,Wall02-16 - 014.jpg,0,,
338,Wall01-15 - 027.jpg,1,,
339,Wall01-13 - 043.jpg,1,,
340,Wall02-29 - 029.jpg,1,,
341,Wall01-05 - 035.jpg,1,,
342,Wall02-14 - 012.jpg,0,,
343,Wall02-10 - 015.jpg,0,,
344,Wall02-18 - 018.jpg,1,,
345,Wall02-20 - 026.jpg,1,,
346,Wall02-12 - 014.jpg,1,,
347,Wall01-06 - 020.jpg,1,,
348,Wall01-12 - 029.jpg,1,,
349,Wall02-21 - 033.jpg,0,,
350,Wall02-23 - 044.jpg,1,,
351,Wall02-17 - 022.jpg,0,,
352,Wall02-27 - 018.jpg,0,,
353,Wall01-03 - 008.jpg,0,,
354,Wall02-11 - 036.jpg,0,,
355,Wall01-06 - 041.jpg,1,,
356,Wall02-07 - 029.jpg,0,,
357,Wall01-11 - 027.jpg,1,,
358,Wall02-23 - 037.jpg,1,,
359,Wall01-12 - 043.jpg,1,,
360,Wall02-15 - 039.jpg,1,,
361,Wall02-27 - 022.jpg,1,,
362,Wall01-06 - 028.jpg,1,,
363,Wall01-06 - 039.jpg,1,,
364,Wall02-24 - 036.jpg,1,,
365,Wall01-02 - 017.jpg,0,,
366,Wall02-08 - 034.jpg,0,,
367,Wall01-05 - 038.jpg,0,,
368,Wall02-01 - 021.jpg,1,,
369,Wall01-05 - 013.jpg,1,,
370,Wall02-33 - 027.jpg,1,,
371,Wall02-02 - 038.jpg,1,,
372,Wall02-38 - 035.jpg,1,,
373,Wall02-14 - 039.jpg,0,,
374,Wall01-13 - 045.jpg,1,,
375,Wall01-15 - 041.jpg,1,,
376,Wall02-21 - 037.jpg,0,,
377,Wall01-07 - 022.jpg,0,,
378,Wall02-22 - 018.jpg,0,,
379,Wall02-17 - 025.jpg,0,,
380,Wall02-04 - 026.jpg,1,,
381,Wall01-06 - 037.jpg,1,,
382,Wall02-38 - 020.jpg,1,,
383,Wall02-01 - 047.jpg,0,,
384,Wall02-13 - 025.jpg,0,,
385,Wall02-27 - 043.jpg,0,,
386,Wall01-06 - 033.jpg,0,,
387,Wall02-14 - 011.jpg,0,,
388,Wall02-25 - 019.jpg,1,,
389,Wall02-11 - 012.jpg,1,,
390,Wall01-14 - 047.jpg,1,,
391,Wall02-06 - 021.jpg,1,,
392,Wall01-10 - 029.jpg,1,,
393,Wall02-29 - 047.jpg,0,,
394,Wall01-02 - 044.jpg,0,,
395,Wall02-20 - 028.jpg,1,,
396,Wall01-14 - 027.jpg,1,,
397,Wall01-01 - 017.jpg,0,,
398,Wall01-03 - 037.jpg,1,,
399,Wall02-35 - 025.jpg,1,,
400,Wall02-16 - 011.jpg,0,,
401,Wall01-03 - 045.jpg,0,,
402,Wall02-13 - 036.jpg,0,,
403,Wall01-02 - 047.jpg,0,,
404,Wall02-25 - 029.jpg,1,,
405,Wall02-26 - 027.jpg,0,,
406,Wall02-10 - 025.jpg,0,,
407,Wall02-20 - 018.jpg,1,,
408,Wall01-01 - 030.jpg,0,,
409,Wall02-02 - 026.jpg,1,,
410,Wall02-19 - 039.jpg,0,,
411,Wall01-10 - 034.jpg,0,,
412,Wall01-15 - 036.jpg,1,,
413,Wall02-36 - 043.jpg,1,,
414,Wall02-37 - 043.jpg,1,,
415,Wall02-22 - 037.jpg,0,,
416,Wall02-15 - 042.jpg,1,,
417,Wall02-36 - 041.jpg,1,,
418,Wall01-05 - 030.jpg,1,,
419,Wall02-35 - 020.jpg,1,,
420,Wall01-12 - 028.jpg,0,,
421,Wall02-21 - 023.jpg,0,,
422,Wall01-01 - 034.jpg,0,,
423,Wall02-28 - 035.jpg,0,,
424,Wall02-28 - 036.jpg,0,,
425,Wall02-02 - 030.jpg,1,,
426,Wall02-26 - 021.jpg,0,,
427,Wall02-34 - 033.jpg,1,,
428,Wall02-35 - 041.jpg,1,,
429,Wall02-16 - 017.jpg,0,,
430,Wall01-03 - 039.jpg,1,,
431,Wall02-09 - 009.jpg,0,,
432,Wall02-18 - 031.jpg,0,,
433,Wall01-12 - 042.jpg,0,,
434,Wall02-17 - 036.jpg,0,,
435,Wall02-22 - 027.jpg,0,,
436,Wall01-03 - 020.jpg,0,,
437,Wall02-13 - 035.jpg,0,,
438,Wall02-36 - 021.jpg,1,,
439,Wall02-08 - 014.jpg,0,,
440,Wall02-37 - 041.jpg,1,,
441,Wall01-02 - 031.jpg,0,,
442,Wall02-22 - 022.jpg,0,,
443,Wall01-06 - 030.jpg,1,,
444,Wall02-17 - 013.jpg,0,,
445,Wall02-34 - 023.jpg,0,,
446,Wall02-35 - 033.jpg,1,,
447,Wall02-12 - 022.jpg,1,,
448,Wall02-34 - 034.jpg,1,,
449,Wall02-14 - 010.jpg,0,,
450,Wall02-05 - 018.jpg,1,,
451,Wall02-30 - 020.jpg,1,,
452,Wall02-07 - 023.jpg,1,,
453,Wall02-32 - 021.jpg,1,,
454,Wall02-37 - 019.jpg,1,,
455,Wall02-02 - 018.jpg,0,,
456,Wall02-37 - 017.jpg,1,,
457,Wall02-15 - 038.jpg,1,,
458,Wall02-33 - 034.jpg,0,,
459,Wall01-02 - 018.jpg,0,,
460,Wall02-28 - 038.jpg,0,,
461,Wall02-24 - 030.jpg,1,,
462,Wall02-34 - 027.jpg,1,,
463,Wall01-09 - 037.jpg,1,,
464,Wall02-34 - 039.jpg,1,,
465,Wall02-31 - 045.jpg,1,,
466,Wall01-12 - 027.jpg,1,,
467,Wall01-01 - 033.jpg,0,,
468,Wall02-05 - 023.jpg,0,,
469,Wall02-18 - 034.jpg,1,,
470,Wall01-09 - 021.jpg,0,,
471,Wall02-26 - 015.jpg,0,,
472,Wall02-20 - 017.jpg,0,,
473,Wall02-01 - 043.jpg,0,,
474,Wall02-13 - 038.jpg,0,,
475,Wall01-02 - 043.jpg,0,,
476,Wall01-02 - 015.jpg,0,,
477,Wall02-38 - 038.jpg,1,,
478,Wall02-14 - 014.jpg,1,,
479,Wall02-25 - 031.jpg,1,,
480,Wall02-06 - 031.jpg,0,,
481,Wall02-33 - 035.jpg,1,,
482,Wall02-34 - 043.jpg,1,,
483,Wall01-02 - 028.jpg,0,,
484,Wall02-34 - 037.jpg,1,,
485,Wall01-01 - 019.jpg,0,,
486,Wall02-13 - 014.jpg,1,,
487,Wall01-09 - 035.jpg,1,,
488,Wall02-29 - 033.jpg,0,,
489,Wall01-14 - 046.jpg,1,,
490,Wall02-03 - 033.jpg,1,,
491,Wall02-23 - 039.jpg,0,,
492,Wall02-23 - 047.jpg,1,,
493,Wall02-21 - 042.jpg,1,,
494,Wall02-36 - 025.jpg,1,,
495,Wall02-27 - 036.jpg,0,,
496,Wall02-01 - 042.jpg,1,,
497,Wall01-06 - 031.jpg,0,,
498,Wall02-36 - 037.jpg,1,,
499,Wall01-05 - 044.jpg,1,,
500,Wall02-26 - 030.jpg,1,,
501,Wall01-03 - 043.jpg,0,,
502,Wall02-08 - 028.jpg,1,,
503,Wall02-30 - 038.jpg,1,,
504,Wall02-16 - 032.jpg,0,,
505,Wall01-12 - 020.jpg,0,,
506,Wall02-03 - 035.jpg,1,,
507,Wall02-33 - 033.jpg,0,,
508,Wall01-04 - 020.jpg,0,,
509,Wall01-11 - 028.jpg,0,,
510,Wall01-02 - 032.jpg,0,,
511,Wall02-05 - 039.jpg,1,,
512,Wall02-26 - 017.jpg,1,,
513,Wall02-01 - 018.jpg,0,,
514,Wall01-12 - 025.jpg,0,,
515,Wall02-27 - 034.jpg,0,,
516,Wall02-33 - 029.jpg,1,,
517,Wall02-14 - 017.jpg,0,,
518,Wall01-07 - 028.jpg,1,,
519,Wall02-14 - 018.jpg,0,,
520,Wall02-07 - 020.jpg,1,,
521,Wall02-07 - 031.jpg,0,,
522,Wall01-09 - 028.jpg,1,,
523,Wall01-15 - 046.jpg,1,,
524,Wall02-08 - 015.jpg,0,,
525,Wall01-01 - 018.jpg,0,,
526,Wall02-15 - 029.jpg,0,,
527,Wall02-14 - 021.jpg,0,,
528,Wall02-09 - 017.jpg,1,,
529,Wall02-02 - 029.jpg,1,,
530,Wall02-11 - 023.jpg,1,,
531,Wall01-03 - 018.jpg,0,,
532,Wall02-21 - 029.jpg,1,,
533,Wall02-13 - 018.jpg,0,,
534,Wall02-08 - 013.jpg,1,,
535,Wall02-37 - 028.jpg,1,,
536,Wall01-10 - 026.jpg,1,,
537,Wall02-15 - 023.jpg,0,,
538,Wall02-33 - 043.jpg,1,,
539,Wall02-03 - 021.jpg,0,,
540,Wall02-04 - 023.jpg,1,,
541,Wall02-26 - 029.jpg,1,,
542,Wall02-30 - 029.jpg,1,,
543,Wall02-11 - 032.jpg,0,,
544,Wall02-07 - 010.jpg,1,,
545,Wall01-14 - 034.jpg,0,,
546,Wall02-26 - 025.jpg,0,,
547,Wall02-03 - 039.jpg,0,,
548,Wall02-16 - 022.jpg,1,,
549,Wall02-04 - 019.jpg,1,,
550,Wall02-22 - 020.jpg,0,,
551,Wall02-37 - 025.jpg,1,,
552,Wall01-14 - 019.jpg,1,,
553,Wall02-37 - 031.jpg,1,,
554,Wall02-14 - 025.jpg,1,,
555,Wall02-24 - 042.jpg,1,,
556,Wall02-26 - 010.jpg,0,,
557,Wall02-34 - 022.jpg,1,,
558,Wall01-09 - 038.jpg,0,,
559,Wall01-11 - 023.jpg,0,,
560,Wall02-28 - 033.jpg,0,,
561,Wall02-08 - 027.jpg,1,,
562,Wall02-17 - 010.jpg,1,,
563,Wall02-25 - 021.jpg,1,,
564,Wall01-05 - 037.jpg,1,,
565,Wall02-04 - 039.jpg,0,,
566,Wall02-13 - 039.jpg,0,,
567,Wall02-31 - 023.jpg,0,,
568,Wall01-11 - 037.jpg,1,,
569,Wall02-37 - 022.jpg,1,,
570,Wall01-02 - 046.jpg,0,,
571,Wall01-14 - 045.jpg,1,,
572,Wall02-25 - 015.jpg,0,,
573,Wall02-19 - 021.jpg,0,,
574,Wall01-04 - 029.jpg,1,,
575,Wall02-03 - 047.jpg,0,,
576,Wall02-24 - 037.jpg,1,,
577,Wall02-29 - 038.jpg,1,,
578,Wall02-09 - 038.jpg,1,,
579,Wall01-06 - 017.jpg,0,,
580,Wall01-06 - 023.jpg,0,,
581,Wall02-05 - 027.jpg,1,,
582,Wall02-16 - 010.jpg,0,,
583,Wall02-12 - 035.jpg,1,,
584,Wall02-27 - 033.jpg,0,,
585,Wall02-34 - 025.jpg,1,,
586,Wall02-33 - 018.jpg,1,,
587,Wall01-12 - 036.jpg,1,,
588,Wall02-02 - 037.jpg,0,,
589,Wall02-09 - 011.jpg,1,,
590,Wall02-34 - 021.jpg,1,,
591,Wall02-37 - 030.jpg,1,,
592,Wall02-30 - 026.jpg,1,,
593,Wall01-15 - 038.jpg,0,,
594,Wall01-02 - 037.jpg,0,,
595,Wall02-31 - 034.jpg,1,,
596,Wall02-16 - 009.jpg,0,,
597,Wall02-16 - 024.jpg,0,,
598,Wall02-21 - 020.jpg,1,,
599,Wall02-06 - 023.jpg,0,,
600,Wall01-06 - 013.jpg,1,,
601,Wall02-36 - 044.jpg,1,,
602,Wall02-13 - 009.jpg,1,,
603,Wall01-03 - 032.jpg,0,,
604,Wall02-21 - 031.jpg,1,,
605,Wall02-37 - 034.jpg,1,,
606,Wall02-27 - 039.jpg,1,,
607,Wall01-15 - 033.jpg,0,,
608,Wall01-13 - 044.jpg,1,,
609,Wall02-30 - 035.jpg,1,,
610,Wall02-34 - 026.jpg,1,,
611,Wall02-27 - 030.jpg,1,,
612,Wall01-04 - 039.jpg,0,,
613,Wall02-16 - 016.jpg,0,,
614,Wall02-21 - 021.jpg,1,,
615,Wall02-32 - 042.jpg,1,,
616,Wall02-25 - 017.jpg,1,,
617,Wall01-02 - 026.jpg,0,,
618,Wall02-35 - 022.jpg,1,,
619,Wall02-28 - 045.jpg,1,,
620,Wall02-04 - 034.jpg,1,,
621,Wall02-23 - 020.jpg,1,,
622,Wall01-03 - 013.jpg,1,,
623,Wall02-01 - 035.jpg,0,,
624,Wall01-14 - 039.jpg,1,,
625,Wall01-02 - 033.jpg,0,,
626,Wall01-08 - 034.jpg,1,,
627,Wall02-06 - 033.jpg,0,,
628,Wall02-11 - 034.jpg,1,,
629,Wall01-02 - 040.jpg,1,,
630,Wall01-01 - 037.jpg,0,,
631,Wall02-22 - 026.jpg,1,,
632,Wall02-15 - 028.jpg,0,,
633,Wall02-25 - 026.jpg,1,,
634,Wall01-13 - 019.jpg,1,,
635,Wall01-12 - 045.jpg,1,,
636,Wall02-20 - 035.jpg,1,,
637,Wall02-17 - 035.jpg,1,,
638,Wall02-14 - 038.jpg,0,,
639,Wall02-02 - 019.jpg,0,,
640,Wall01-07 - 027.jpg,1,,
641,Wall01-04 - 023.jpg,0,,
642,Wall01-03 - 031.jpg,0,,
643,Wall02-12 - 010.jpg,1,,
644,Wall01-05 - 027.jpg,1,,
645,Wall01-01 - 021.jpg,0,,
646,Wall02-37 - 021.jpg,1,,
647,Wall01-11 - 039.jpg,0,,
648,Wall02-32 - 030.jpg,0,,
649,Wall02-35 - 028.jpg,1,,
650,Wall02-06 - 030.jpg,0,,
651,Wall02-02 - 036.jpg,0,,
652,Wall02-08 - 033.jpg,0,,
653,Wall02-36 - 026.jpg,1,,
654,Wall01-11 - 034.jpg,0,,
655,Wall01-07 - 037.jpg,1,,
656,Wall02-15 - 047.jpg,1,,
657,Wall01-08 - 035.jpg,1,,
658,Wall01-04 - 028.jpg,1,,
659,Wall02-32 - 018.jpg,1,,
660,Wall02-11 - 039.jpg,0,,
661,Wall01-08 - 018.jpg,1,,
662,Wall01-13 - 029.jpg,1,,
663,Wall01-09 - 025.jpg,1,,
664,Wall02-31 - 026.jpg,1,,
665,Wall02-21 - 027.jpg,1,,
666,Wall01-02 - 011.jpg,0,,
667,Wall02-17 - 026.jpg,1,,
668,Wall02-34 - 030.jpg,1,,
669,Wall02-10 - 018.jpg,1,,
670,Wall02-04 - 011.jpg,1,,
671,Wall01-10 - 030.jpg,1,,
672,Wall02-16 - 025.jpg,0,,
673,Wall02-04 - 035.jpg,1,,
674,Wall02-19 - 019.jpg,1,,
675,Wall02-10 - 027.jpg,1,,
676,Wall02-03 - 036.jpg,0,,
677,Wall02-08 - 018.jpg,1,,
678,Wall02-36 - 028.jpg,1,,
679,Wall01-12 - 044.jpg,1,,
680,Wall02-21 - 034.jpg,1,,
681,Wall01-08 - 028.jpg,1,,
682,Wall02-37 - 038.jpg,1,,
683,Wall02-04 - 020.jpg,0,,
684,Wall01-10 - 022.jpg,0,,
685,Wall02-15 - 026.jpg,0,,
686,Wall02-25 - 013.jpg,0,,
687,Wall02-23 - 042.jpg,1,,
688,Wall02-38 - 034.jpg,1,,
689,Wall01-10 - 027.jpg,1,,
690,Wall02-10 - 020.jpg,0,,
691,Wall02-01 - 029.jpg,1,,
692,Wall02-27 - 047.jpg,0,,
693,Wall02-20 - 021.jpg,1,,
694,Wall01-08 - 030.jpg,0,,
695,Wall01-05 - 043.jpg,1,,
696,Wall02-07 - 009.jpg,0,,
697,Wall01-06 - 009.jpg,1,,
698,Wall02-20 - 038.jpg,0,,
699,Wall02-33 - 028.jpg,1,,
700,Wall02-19 - 018.jpg,1,,
701,Wall02-11 - 025.jpg,0,,
702,Wall01-15 - 017.jpg,1,,
703,Wall02-06 - 022.jpg,1,,
704,Wall02-28 - 042.jpg,0,,
705,Wall01-12 - 018.jpg,1,,
706,Wall02-35 - 026.jpg,1,,
707,Wall02-24 - 026.jpg,1,,
708,Wall01-12 - 041.jpg,1,,
709,Wall02-24 - 022.jpg,0,,
710,Wall01-03 - 026.jpg,0,,
711,Wall02-32 - 028.jpg,0,,
712,Wall02-18 - 019.jpg,1,,
713,Wall02-32 - 035.jpg,0,,
714,Wall02-03 - 029.jpg,1,,
715,Wall02-28 - 028.jpg,1,,
716,Wall01-09 - 026.jpg,1,,
717,Wall01-14 - 031.jpg,1,,
718,Wall02-38 - 023.jpg,1,,
719,Wall01-05 - 023.jpg,0,,
720,Wall01-02 - 019.jpg,0,,
721,Wall02-03 - 030.jpg,1,,
722,Wall02-09 - 021.jpg,1,,
723,Wall01-03 - 012.jpg,0,,
724,Wall01-09 - 027.jpg,1,,
725,Wall02-29 - 030.jpg,1,,
726,Wall02-14 - 019.jpg,0,,
727,Wall02-36 - 017.jpg,1,,
728,Wall01-02 - 012.jpg,0,,
729,Wall01-06 - 036.jpg,0,,
730,Wall01-02 - 008.jpg,0,,
731,Wall02-27 - 037.jpg,0,,
732,Wall02-33 - 042.jpg,1,,
733,Wall01-14 - 044.jpg,1,,
734,Wall02-31 - 033.jpg,1,,
735,Wall02-11 - 016.jpg,1,,
736,Wall01-01 - 022.jpg,0,,
737,Wall02-37 - 027.jpg,1,,
738,Wall02-14 - 013.jpg,0,,
739,Wall01-15 - 022.jpg,0,,
740,Wall01-02 - 021.jpg,0,,
741,Wall01-15 - 025.jpg,0,,
742,Wall02-08 - 029.jpg,0,,
743,Wall01-10 - 035.jpg,1,,
744,Wall01-14 - 043.jpg,1,,
745,Wall02-17 - 011.jpg,1,,
746,Wall02-29 - 045.jpg,1,,
747,Wall02-17 - 028.jpg,0,,
748,Wall02-10 - 012.jpg,1,,
749,Wall02-07 - 014.jpg,1,,
750,Wall01-06 - 010.jpg,0,,
751,Wall01-04 - 027.jpg,0,,
752,Wall02-32 - 017.jpg,1,,
753,Wall01-13 - 046.jpg,1,,
754,Wall01-05 - 031.jpg,0,,
755,Wall01-05 - 022.jpg,0,,
756,Wall02-37 - 042.jpg,1,,
757,Wall02-02 - 044.jpg,0,,
758,Wall02-06 - 028.jpg,1,,
759,Wall02-27 - 038.jpg,1,,
760,Wall02-16 - 012.jpg,1,,
761,Wall02-14 - 028.jpg,0,,
762,Wall02-35 - 019.jpg,0,,
763,Wall02-32 - 029.jpg,0,,
764,Wall02-34 - 031.jpg,1,,
765,Wall02-11 - 013.jpg,1,,
766,Wall02-01 - 030.jpg,1,,
767,Wall01-03 - 028.jpg,1,,
768,Wall02-22 - 039.jpg,0,,
769,Wall02-14 - 020.jpg,0,,
770,Wall01-01 - 028.jpg,0,,
771,Wall01-12 - 035.jpg,1,,
772,Wall02-12 - 029.jpg,0,,
773,Wall01-09 - 019.jpg,0,,
774,Wall02-16 - 029.jpg,0,,
775,Wall01-11 - 036.jpg,0,,
776,Wall01-02 - 024.jpg,0,,
777,Wall02-06 - 036.jpg,1,,
778,Wall02-07 - 011.jpg,0,,
779,Wall02-12 - 034.jpg,1,,
780,Wall02-24 - 027.jpg,1,,
781,Wall02-35 - 027.jpg,1,,
782,Wall02-11 - 022.jpg,1,,
783,Wall02-29 - 037.jpg,1,,
784,Wall02-28 - 021.jpg,1,,
785,Wall01-08 - 027.jpg,1,,
786,Wall02-27 - 031.jpg,1,,
787,Wall02-15 - 041.jpg,0,,
788,Wall02-13 - 026.jpg,0,,
789,Wall02-09 - 035.jpg,0,,
790,Wall02-15 - 035.jpg,0,,
791,Wall02-34 - 044.jpg,1,,
792,Wall01-02 - 038.jpg,0,,
793,Wall02-34 - 041.jpg,1,,
794,Wall02-38 - 037.jpg,1,,
795,Wall01-05 - 010.jpg,0,,
796,Wall01-12 - 037.jpg,1,,
797,Wall01-06 - 015.jpg,0,,
798,Wall02-18 - 025.jpg,0,,
799,Wall01-13 - 038.jpg,1,,
800,Wall02-12 - 017.jpg,1,,
801,Wall02-31 - 030.jpg,1,,
802,Wall01-11 - 035.jpg,1,,
803,Wall02-07 - 026.jpg,1,,
804,Wall01-03 - 022.jpg,1,,
805,Wall01-15 - 018.jpg,1,,
806,Wall01-03 - 014.jpg,0,,
807,Wall01-15 - 023.jpg,1,,
808,Wall01-07 - 025.jpg,0,,
809,Wall02-14 - 033.jpg,0,,
810,Wall02-38 - 028.jpg,1,,
811,Wall02-36 - 029.jpg,1,,
812,Wall02-11 - 010.jpg,1,,
813,Wall02-35 - 039.jpg,1,,
814,Wall02-16 - 038.jpg,0,,
815,Wall02-38 - 022.jpg,1,,
816,Wall01-04 - 017.jpg,0,,
817,Wall02-07 - 027.jpg,1,,
818,Wall02-11 - 037.jpg,1,,
819,Wall02-09 - 015.jpg,0,,
820,Wall02-28 - 034.jpg,0,,
821,Wall01-13 - 041.jpg,1,,
822,Wall01-08 - 036.jpg,1,,
823,Wall01-15 - 043.jpg,1,,
824,Wall02-32 - 026.jpg,1,,
825,Wall02-15 - 043.jpg,1,,
826,Wall01-09 - 041.jpg,1,,
827,Wall02-06 - 027.jpg,1,,
828,Wall02-34 - 018.jpg,1,,
829,Wall01-03 - 027.jpg,0,,
830,Wall02-18 - 015.jpg,0,,
831,Wall02-30 - 030.jpg,1,,
832,Wall02-08 - 037.jpg,0,,
833,Wall01-07 - 034.jpg,0,,
834,Wall02-03 - 023.jpg,0,,
835,Wall02-24 - 035.jpg,1,,
836,Wall02-17 - 009.jpg,1,,
837,Wall02-02 - 022.jpg,1,,
838,Wall02-13 - 030.jpg,0,,
839,Wall02-03 - 034.jpg,1,,
840,Wall01-03 - 042.jpg,0,,
841,Wall01-06 - 038.jpg,0,,
842,Wall01-06 - 012.jpg,1,,
843,Wall02-03 - 019.jpg,0,,
844,Wall02-11 - 029.jpg,1,,
845,Wall02-08 - 031.jpg,0,,
846,Wall02-14 - 015.jpg,0,,
847,Wall02-28 - 037.jpg,0,,
848,Wall02-38 - 045.jpg,1,,
849,Wall02-17 - 027.jpg,1,,
850,Wall02-07 - 018.jpg,1,,
851,Wall02-30 - 043.jpg,1,,
852,Wall01-08 - 033.jpg,0,,
853,Wall02-16 - 033.jpg,0,,
854,Wall02-10 - 029.jpg,1,,
855,Wall02-12 - 036.jpg,0,,
856,Wall01-04 - 034.jpg,q,,
857,Wall01-14 - 026.jpg,0,,
858,Wall02-24 - 033.jpg,0,,
859,Wall01-03 - 036.jpg,1,,
860,Wall02-38 - 043.jpg,1,,
861,Wall02-38 - 042.jpg,1,,
862,Wall02-38 - 044.jpg,1,,
863,Wall01-14 - 041.jpg,1,,
864,Wall02-22 - 023.jpg,0,,
865,Wall02-34 - 042.jpg,1,,
866,Wall02-23 - 028.jpg,1,,
867,Wall02-38 - 029.jpg,1,,
868,Wall02-11 - 019.jpg,1,,
869,Wall01-03 - 029.jpg,1,,
870,Wall02-16 - 019.jpg,0,,
871,Wall02-20 - 025.jpg,1,,
872,Wall02-35 - 038.jpg,1,,
873,Wall01-05 - 039.jpg,1,,
874,Wall02-02 - 027.jpg,1,,
875,Wall02-23 - 043.jpg,1,,
876,Wall01-02 - 023.jpg,0,,
877,Wall02-14 - 029.jpg,0,,
878,Wall01-05 - 011.jpg,1,,
879,Wall02-32 - 044.jpg,1,,
880,Wall02-15 - 031.jpg,1,,
881,Wall02-01 - 023.jpg,0,,
882,Wall01-07 - 018.jpg,1,,
883,Wall02-09 - 018.jpg,1,,
884,Wall02-04 - 012.jpg,0,,
885,Wall02-11 - 015.jpg,0,,
886,Wall01-13 - 018.jpg,1,,
887,Wall02-30 - 041.jpg,0,,
888,Wall02-36 - 027.jpg,1,,
889,Wall02-19 - 026.jpg,1,,
890,Wall02-01 - 028.jpg,1,,
891,Wall01-13 - 036.jpg,1,,
892,Wall01-02 - 027.jpg,0,,
893,Wall02-01 - 033.jpg,0,,
894,Wall02-33 - 026.jpg,1,,
895,Wall01-05 - 020.jpg,1,,
896,Wall01-05 - 026.jpg,0,,
897,Wall02-14 - 035.jpg,1,,
898,Wall02-02 - 028.jpg,1,,
899,Wall02-10 - 017.jpg,1,,
900,Wall02-01 - 038.jpg,1,,
901,Wall02-02 - 039.jpg,0,,
902,Wall02-18 - 036.jpg,0,,
903,Wall02-29 - 025.jpg,1,,
904,Wall02-17 - 018.jpg,1,,
905,Wall02-15 - 019.jpg,0,,
906,Wall02-30 - 034.jpg,1,,
907,Wall02-19 - 038.jpg,0,,
908,Wall02-01 - 034.jpg,0,,
909,Wall02-16 - 028.jpg,1,,
910,Wall01-15 - 042.jpg,1,,
911,Wall02-28 - 020.jpg,1,,
912,Wall01-13 - 039.jpg,0,,
913,Wall02-04 - 027.jpg,1,,
914,Wall01-15 - 029.jpg,1,,
915,Wall02-25 - 022.jpg,1,,
916,Wall02-19 - 030.jpg,0,,
917,Wall01-09 - 033.jpg,0,,
918,Wall02-06 - 037.jpg,0,,
919,Wall02-33 - 037.jpg,1,,
920,Wall01-13 - 017.jpg,1,,
921,Wall02-07 - 019.jpg,1,,
922,Wall02-38 - 046.jpg,1,,
923,Wall02-01 - 025.jpg,1,,
924,Wall01-07 - 026.jpg,0,,
925,Wall01-13 - 027.jpg,1,,
926,Wall02-24 - 046.jpg,1,,
927,Wall02-02 - 033.jpg,0,,
928,Wall01-08 - 022.jpg,0,,
929,Wall02-36 - 019.jpg,1,,
930,Wall02-26 - 023.jpg,1,,
931,Wall02-35 - 021.jpg,1,,
932,Wall02-21 - 038.jpg,0,,
933,Wall02-01 - 027.jpg,1,,
934,Wall02-15 - 037.jpg,0,,
935,Wall01-07 - 033.jpg,0,,
936,Wall02-28 - 047.jpg,0,,
937,Wall01-10 - 036.jpg,0,,
938,Wall01-01 - 027.jpg,0,,
939,Wall02-08 - 011.jpg,1,,
940,Wall01-13 - 022.jpg,1,,
941,Wall02-21 - 026.jpg,1,,
942,Wall01-13 - 028.jpg,0,,
943,Wall02-28 - 022.jpg,1,,
944,Wall02-10 - 030.jpg,1,,
945,Wall02-21 - 047.jpg,1,,
946,Wall02-29 - 018.jpg,0,,
947,Wall02-23 - 036.jpg,1,,
948,Wall02-11 - 017.jpg,1,,
949,Wall02-10 - 031.jpg,0,,
950,Wall02-04 - 028.jpg,0,,
951,Wall02-03 - 020.jpg,1,,
952,Wall01-07 - 019.jpg,1,,
953,Wall02-04 - 018.jpg,1,,
954,Wall01-09 - 023.jpg,0,,
955,Wall01-10 - 031.jpg,0,,
956,Wall01-03 - 016.jpg,0,,
957,Wall02-07 - 037.jpg,0,,
958,Wall02-07 - 033.jpg,0,,
959,Wall01-06 - 011.jpg,1,,
960,Wall02-09 - 026.jpg,0,,
961,Wall02-20 - 034.jpg,1,,
962,Wall02-07 - 038.jpg,0,,
963,Wall02-23 - 046.jpg,1,,
964,Wall02-10 - 036.jpg,1,,
965,Wall02-18 - 033.jpg,0,,
966,Wall02-33 - 030.jpg,1,,
967,Wall02-02 - 045.jpg,0,,
968,Wall02-33 - 038.jpg,1,,
969,Wall02-01 - 037.jpg,0,,
970,Wall02-22 - 028.jpg,0,,
971,Wall02-19 - 034.jpg,1,,
972,Wall02-06 - 018.jpg,1,,
973,Wall02-24 - 044.jpg,1,,
974,Wall01-02 - 010.jpg,0,,
975,Wall02-37 - 020.jpg,1,,
976,Wall01-15 - 021.jpg,0,,
977,Wall02-16 - 008.jpg,0,,
978,Wall02-31 - 035.jpg,1,,
979,Wall02-35 - 018.jpg,1,,
980,Wall02-25 - 030.jpg,1,,
981,Wall02-32 - 038.jpg,0,,
982,Wall02-11 - 018.jpg,1,,
983,Wall02-30 - 025.jpg,1,,
984,Wall02-01 - 036.jpg,0,,
985,Wall02-17 - 030.jpg,0,,
986,Wall02-22 - 030.jpg,0,,
987,Wall02-14 - 026.jpg,1,,
988,Wall02-29 - 027.jpg,1,,
989,Wall02-34 - 028.jpg,1,,
990,Wall02-30 - 028.jpg,1,,
991,Wall01-03 - 044.jpg,0,,
992,Wall02-25 - 023.jpg,1,,
993,Wall02-15 - 025.jpg,0,,
994,Wall02-06 - 020.jpg,1,,
995,Wall02-19 - 033.jpg,0,,
996,Wall02-16 - 021.jpg,1,,
997,Wall01-04 - 012.jpg,1,,
998,Wall02-29 - 044.jpg,1,,
999,Wall01-06 - 022.jpg,0,,
1000,Wall02-37 - 035.jpg,1,,
1001,Wall02-09 - 031.jpg,0,,
1002,Wall01-06 - 018.jpg,1,,
1003,Wall01-14 - 029.jpg,1,,
1004,Wall01-04 - 014.jpg,1,,
1005,Wall02-28 - 026.jpg,1,,
1006,Wall02-03 - 018.jpg,1,,
1007,Wall02-11 - 024.jpg,0,,
1008,Wall02-21 - 039.jpg,0,,
1009,Wall01-15 - 034.jpg,0,,
1010,Wall02-28 - 029.jpg,1,,
1011,Wall01-09 - 030.jpg,1,,
1012,Wall02-29 - 036.jpg,1,,
1013,Wall02-32 - 043.jpg,1,,
1014,Wall01-08 - 025.jpg,0,,
1015,Wall02-13 - 034.jpg,0,,
1016,Wall02-13 - 028.jpg,0,,
1017,Wall01-04 - 019.jpg,1,,
1018,Wall02-09 - 014.jpg,1,,
1019,Wall01-14 - 042.jpg,1,,
1020,Wall02-36 - 034.jpg,0,,
1021,Wall02-35 - 023.jpg,0,,
1022,Wall01-14 - 033.jpg,0,,
1023,Wall02-11 - 031.jpg,0,,
1024,Wall02-31 - 041.jpg,1,,
1025,Wall02-35 - 029.jpg,1,,
1026,Wall02-19 - 029.jpg,0,,
1027,Wall02-27 - 035.jpg,0,,
1028,Wall01-14 - 018.jpg,1,,
1029,Wall01-13 - 023.jpg,1,,
1030,Wall02-18 - 027.jpg,1,,
1031,Wall01-04 - 033.jpg,1,,
1032,Wall01-05 - 009.jpg,1,,
1033,Wall02-21 - 030.jpg,1,,
1034,Wall01-03 - 025.jpg,0,,
1035,Wall01-02 - 042.jpg,0,,
1036,Wall02-28 - 043.jpg,0,,
1037,Wall02-29 - 034.jpg,1,,
1038,Wall02-13 - 015.jpg,0,,
1039,Wall02-09 - 034.jpg,0,,
1040,Wall02-30 - 044.jpg,1,,
1041,Wall02-38 - 033.jpg,1,,
1042,Wall01-05 - 014.jpg,0,,
1043,Wall02-02 - 025.jpg,1,,
1044,Wall01-04 - 018.jpg,0,,
1045,Wall01-02 - 045.jpg,0,,
1046,Wall02-12 - 021.jpg,1,,
1047,Wall01-10 - 025.jpg,1,,
1048,Wall02-21 - 019.jpg,1,,
1049,Wall01-03 - 024.jpg,0,,
1050,Wall01-07 - 020.jpg,1,,
1051,Wall01-09 - 034.jpg,0,,
1052,Wall01-12 - 046.jpg,1,,
1053,Wall02-33 - 036.jpg,1,,
1054,Wall02-10 - 037.jpg,1,,
1055,Wall01-03 - 023.jpg,1,,
1056,Wall01-14 - 023.jpg,1,,
1057,Wall02-17 - 033.jpg,0,,
1058,Wall02-18 - 021.jpg,0,,
1059,Wall02-05 - 021.jpg,1,,
1060,Wall01-09 - 039.jpg,0,,
1061,Wall01-12 - 033.jpg,0,,
1062,Wall01-01 - 025.jpg,0,,
1063,Wall01-05 - 029.jpg,1,,
1064,Wall02-05 - 036.jpg,0,,
1065,Wall01-03 - 038.jpg,0,,
1066,Wall01-13 - 047.jpg,1,,
1067,Wall02-07 - 035.jpg,0,,
1068,Wall01-03 - 033.jpg,0,,
1069,Wall01-01 - 035.jpg,0,,