Index,File,Labels
1,Wall02-37 - 028.jpg,1
2,Wall02-38 - 019.jpg,1
3,Wall02-35 - 025.jpg,1
4,Wall02-30 - 042.jpg,1
5,Wall01-09 - 037.jpg,1
6,Wall02-14 - 021.jpg,0
7,Wall01-14 - 034.jpg,0
8,Wall01-04 - 021.jpg,1
9,Wall02-01 - 043.jpg,0
10,Wall02-18 - 029.jpg,0
11,Wall02-30 - 047.jpg,0
12,Wall02-02 - 046.jpg,0
13,Wall01-05 - 012.jpg,1
14,Wall01-07 - 023.jpg,0
15,Wall02-29 - 028.jpg,1
16,Wall02-01 - 045.jpg,0
17,Wall02-32 - 019.jpg,0
18,Wall01-14 - 019.jpg,1
19,Wall02-16 - 034.jpg,0
20,Wall01-01 - 020.jpg,0
21,Wall02-24 - 038.jpg,0
22,Wall02-21 - 023.jpg,0
23,Wall02-14 - 010.jpg,0
24,Wall02-03 - 028.jpg,1
25,Wall02-15 - 018.jpg,0
26,Wall02-08 - 015.jpg,0
27,Wall01-10 - 037.jpg,0
28,Wall02-13 - 018.jpg,0
29,Wall01-09 - 021.jpg,0
30,Wall02-33 - 044.jpg,1
31,Wall02-36 - 038.jpg,1
32,Wall02-06 - 033.jpg,0
33,Wall02-36 - 018.jpg,1
34,Wall01-14 - 028.jpg,0
35,Wall02-34 - 043.jpg,1
36,Wall02-05 - 037.jpg,0
37,Wall01-03 - 032.jpg,0
38,Wall01-03 - 017.jpg,0
39,Wall02-34 - 029.jpg,1
40,Wall01-15 - 026.jpg,0
41,Wall02-10 - 014.jpg,1
42,Wall02-19 - 027.jpg,1
43,Wall01-12 - 021.jpg,1
44,Wall01-02 - 014.jpg,0
45,Wall02-12 - 018.jpg,1
46,Wall02-08 - 028.jpg,1
47,Wall02-22 - 037.jpg,0
48,Wall01-07 - 031.jpg,0
49,Wall02-10 - 039.jpg,1
50,Wall02-02 - 037.jpg,0
51,Wall02-24 - 023.jpg,0
52,Wall02-08 - 030.jpg,1
53,Wall02-30 - 038.jpg,1
54,Wall01-10 - 034.jpg,0
55,Wall02-05 - 018.jpg,1
56,Wall01-03 - 008.jpg,0
57,Wall02-37 - 036.jpg,1
58,Wall02-17 - 012.jpg,1
59,Wall02-02 - 030.jpg,1
60,Wall02-15 - 017.jpg,0
61,Wall02-25 - 021.jpg,1
62,Wall02-08 - 020.jpg,1
63,Wall01-09 - 029.jpg,1
64,Wall01-03 - 018.jpg,0
65,Wall02-03 - 031.jpg,1
66,Wall02-33 - 034.jpg,0
67,Wall02-03 - 033.jpg,1
68,Wall02-16 - 036.jpg,0
69,Wall02-33 - 019.jpg,1
70,Wall02-06 - 034.jpg,1
71,Wall02-32 - 027.jpg,1
72,Wall01-03 - 045.jpg,0
73,Wall02-24 - 045.jpg,1
74,Wall02-16 - 027.jpg,0
75,Wall02-10 - 013.jpg,1
76,Wall01-01 - 017.jpg,0
77,Wall01-02 - 017.jpg,0
78,Wall01-10 - 029.jpg,1
79,Wall02-37 - 033.jpg,1
80,Wall02-09 - 033.jpg,0
81,Wall02-22 - 038.jpg,0
82,Wall02-15 - 021.jpg,1
83,Wall01-12 - 042.jpg,0
84,Wall02-38 - 035.jpg,1
85,Wall02-34 - 023.jpg,0
86,Wall02-23 - 038.jpg,0
87,Wall02-14 - 023.jpg,1
88,Wall02-16 - 022.jpg,1
89,Wall01-02 - 020.jpg,0
90,Wall01-13 - 020.jpg,0
91,Wall02-23 - 033.jpg,0
92,Wall02-38 - 030.jpg,1
93,Wall02-14 - 036.jpg,1
94,Wall02-23 - 039.jpg,0
95,Wall01-02 - 025.jpg,0
96,Wall02-34 - 039.jpg,1
97,Wall01-02 - 032.jpg,0
98,Wall02-16 - 035.jpg,0
99,Wall02-28 - 030.jpg,1
100,Wall01-11 - 021.jpg,1
101,Wall02-10 - 019.jpg,1
102,Wall02-08 - 027.jpg,1
103,Wall02-01 - 020.jpg,0
104,Wall01-02 - 046.jpg,0
105,Wall02-23 - 047.jpg,1
106,Wall02-21 - 029.jpg,1
107,Wall02-29 - 043.jpg,1
108,Wall02-32 - 037.jpg,0
109,Wall01-06 - 025.jpg,0
110,Wall02-03 - 037.jpg,0
111,Wall02-27 - 045.jpg,1
112,Wall02-14 - 034.jpg,1
113,Wall02-30 - 036.jpg,1
114,Wall02-01 - 044.jpg,0
115,Wall02-10 - 025.jpg,0
116,Wall02-03 - 039.jpg,0
117,Wall02-29 - 035.jpg,1
118,Wall02-28 - 036.jpg,0
119,Wall02-26 - 021.jpg,0
120,Wall02-30 - 037.jpg,1
121,Wall01-05 - 021.jpg,1
122,Wall02-20 - 017.jpg,0
123,Wall02-13 - 014.jpg,1
124,Wall02-03 - 022.jpg,1
125,Wall02-09 - 020.jpg,1
126,Wall01-03 - 021.jpg,0
127,Wall01-06 - 028.jpg,1
128,Wall01-09 - 036.jpg,0
129,Wall02-16 - 014.jpg,0
130,Wall02-36 - 042.jpg,1
131,Wall02-22 - 018.jpg,0
132,Wall01-03 - 020.jpg,0
133,Wall01-03 - 010.jpg,0
134,Wall02-11 - 035.jpg,0
135,Wall02-04 - 029.jpg,0
136,Wall02-01 - 022.jpg,0
137,Wall02-24 - 029.jpg,1
138,Wall02-27 - 029.jpg,0
139,Wall01-15 - 038.jpg,0
140,Wall02-02 - 021.jpg,0
141,Wall02-34 - 037.jpg,1
142,Wall01-06 - 041.jpg,1
143,Wall02-24 - 042.jpg,1
144,Wall02-21 - 033.jpg,0
145,Wall02-11 - 032.jpg,0
146,Wall01-06 - 033.jpg,0
147,Wall02-20 - 027.jpg,1
148,Wall02-14 - 038.jpg,0
149,Wall02-34 - 033.jpg,1
150,Wall02-03 - 038.jpg,1
151,Wall02-11 - 036.jpg,0
152,Wall02-20 - 018.jpg,1
153,Wall02-21 - 043.jpg,1
154,Wall02-08 - 036.jpg,1
155,Wall02-30 - 033.jpg,1
156,Wall01-06 - 039.jpg,1
157,Wall01-08 - 020.jpg,1
158,Wall02-36 - 043.jpg,1
159,Wall01-04 - 011.jpg,1
160,Wall02-37 - 037.jpg,1
161,Wall02-28 - 018.jpg,0
162,Wall02-36 - 036.jpg,1
163,Wall02-06 - 021.jpg,1
164,Wall01-15 - 030.jpg,1
165,Wall02-19 - 037.jpg,0
166,Wall02-16 - 026.jpg,0
167,Wall02-18 - 026.jpg,1
168,Wall02-03 - 021.jpg,0
169,Wall02-33 - 035.jpg,1
170,Wall01-12 - 047.jpg,1
171,Wall02-05 - 023.jpg,0
172,Wall02-28 - 035.jpg,0
173,Wall02-17 - 021.jpg,0
174,Wall01-01 - 026.jpg,0
175,Wall01-04 - 015.jpg,1
176,Wall01-01 - 036.jpg,0
177,Wall02-38 - 036.jpg,1
178,Wall02-10 - 034.jpg,0
179,Wall02-18 - 030.jpg,0
180,Wall01-02 - 044.jpg,0
181,Wall01-15 - 041.jpg,1
182,Wall02-29 - 026.jpg,1
183,Wall02-14 - 012.jpg,0
184,Wall02-28 - 025.jpg,1
185,Wall02-04 - 031.jpg,0
186,Wall01-02 - 039.jpg,0
187,Wall02-20 - 028.jpg,1
188,Wall02-04 - 039.jpg,0
189,Wall01-11 - 025.jpg,0
190,Wall01-10 - 033.jpg,0
191,Wall02-37 - 026.jpg,1
192,Wall01-13 - 042.jpg,1
193,Wall02-04 - 023.jpg,1
194,Wall02-04 - 019.jpg,1
195,Wall01-14 - 047.jpg,1
196,Wall01-02 - 037.jpg,0
197,Wall02-12 - 039.jpg,0
198,Wall02-24 - 030.jpg,1
199,Wall02-23 - 029.jpg,1
200,Wall01-11 - 028.jpg,0
201,Wall02-22 - 022.jpg,0
202,Wall02-10 - 035.jpg,0
203,Wall01-14 - 038.jpg,1
204,Wall01-01 - 018.jpg,0
205,Wall02-30 - 018.jpg,0
206,Wall02-20 - 029.jpg,1
207,Wall01-10 - 021.jpg,0
208,Wall02-37 - 039.jpg,1
209,Wall02-08 - 019.jpg,1
210,Wall02-19 - 036.jpg,0
211,Wall01-09 - 028.jpg,1
212,Wall02-09 - 039.jpg,0
213,Wall02-36 - 037.jpg,1
214,Wall01-03 - 009.jpg,0
215,Wall01-09 - 020.jpg,0
216,Wall02-06 - 031.jpg,0
217,Wall02-29 - 047.jpg,0
218,Wall01-01 - 030.jpg,0
219,Wall02-28 - 023.jpg,0
220,Wall02-35 - 041.jpg,1
221,Wall02-34 - 027.jpg,1
222,Wall02-07 - 010.jpg,1
223,Wall02-33 - 021.jpg,1
224,Wall02-31 - 018.jpg,1
225,Wall02-17 - 036.jpg,0
226,Wall02-07 - 022.jpg,1
227,Wall02-35 - 034.jpg,1
228,Wall01-12 - 025.jpg,0
229,Wall02-02 - 031.jpg,1
230,Wall02-19 - 021.jpg,0
231,Wall01-14 - 046.jpg,1
232,Wall02-23 - 037.jpg,1
233,Wall02-16 - 013.jpg,1
234,Wall01-14 - 020.jpg,1
235,Wall02-05 - 035.jpg,0
236,Wall01-05 - 037.jpg,1
237,Wall01-02 - 034.jpg,0
238,Wall02-23 - 044.jpg,1
239,Wall02-11 - 026.jpg,1
240,Wall02-07 - 017.jpg,1
241,Wall01-08 - 026.jpg,1
242,Wall01-01 - 019.jpg,0
243,Wall01-05 - 042.jpg,0
244,Wall02-37 - 031.jpg,1
245,Wall01-05 - 033.jpg,0
246,Wall02-17 - 014.jpg,1
247,Wall02-14 - 025.jpg,1
248,Wall01-14 - 035.jpg,1
249,Wall01-09 - 022.jpg,0
250,Wall02-12 - 031.jpg,0
251,Wall01-05 - 017.jpg,0
252,Wall02-15 - 038.jpg,1
253,Wall01-04 - 030.jpg,1
254,Wall02-15 - 044.jpg,0
255,Wall02-35 - 020.jpg,1
256,Wall02-10 - 021.jpg,1
257,Wall02-25 - 018.jpg,1
258,Wall02-35 - 033.jpg,1
259,Wall01-15 - 037.jpg,1
260,Wall01-02 - 047.jpg,0
261,Wall02-33 - 022.jpg,1
262,Wall02-15 - 022.jpg,0
263,Wall01-10 - 023.jpg,0
264,Wall02-10 - 015.jpg,0
265,Wall02-16 - 024.jpg,0
266,Wall02-32 - 021.jpg,1
267,Wall01-04 - 023.jpg,0
268,Wall02-14 - 037.jpg,0
269,Wall02-16 - 010.jpg,0
270,Wall01-04 - 037.jpg,0
271,Wall02-30 - 027.jpg,1
272,Wall02-09 - 010.jpg,0
273,Wall01-15 - 019.jpg,0
274,Wall02-36 - 041.jpg,1
275,Wall01-08 - 021.jpg,1
276,Wall02-31 - 028.jpg,0
277,Wall02-04 - 025.jpg,1
278,Wall01-14 - 021.jpg,1
279,Wall01-03 - 035.jpg,1
280,Wall01-09 - 038.jpg,0
281,Wall02-18 - 028.jpg,0
282,Wall02-21 - 018.jpg,0
283,Wall02-25 - 029.jpg,1
284,Wall02-36 - 022.jpg,1
285,Wall01-02 - 028.jpg,0
286,Wall02-31 - 043.jpg,1
287,Wall01-04 - 039.jpg,0
288,Wall02-02 - 029.jpg,1
289,Wall02-37 - 043.jpg,1
290,Wall01-08 - 039.jpg,0
291,Wall01-08 - 043.jpg,1
292,Wall01-07 - 028.jpg,1
293,Wall02-15 - 029.jpg,0
294,Wall01-05 - 035.jpg,1
295,Wall02-08 - 021.jpg,0
296,Wall02-21 - 035.jpg,1
297,Wall02-35 - 044.jpg,1
298,Wall02-38 - 025.jpg,1
299,Wall02-37 - 018.jpg,1
300,Wall01-02 - 022.jpg,0
301,Wall02-21 - 022.jpg,1
302,Wall02-02 - 026.jpg,1
303,Wall02-04 - 037.jpg,0
304,Wall02-38 - 038.jpg,1
305,Wall02-30 - 029.jpg,1
306,Wall02-22 - 027.jpg,0
307,Wall02-16 - 037.jpg,0
308,Wall02-01 - 021.jpg,1
309,Wall02-01 - 026.jpg,1
310,Wall02-31 - 042.jpg,1
311,Wall02-18 - 011.jpg,1
312,Wall02-27 - 046.jpg,1
313,Wall02-07 - 029.jpg,0
314,Wall02-05 - 020.jpg,0
315,Wall01-11 - 023.jpg,0
316,Wall02-13 - 033.jpg,0
317,Wall02-38 - 020.jpg,1
318,Wall01-13 - 021.jpg,1
319,Wall02-07 - 012.jpg,1
320,Wall01-08 - 041.jpg,1
321,Wall01-11 - 031.jpg,0
322,Wall02-17 - 013.jpg,0
323,Wall02-06 - 023.jpg,0
324,Wall01-13 - 045.jpg,1
325,Wall02-19 - 023.jpg,0
326,Wall02-08 - 012.jpg,1
327,Wall02-25 - 038.jpg,1
328,Wall02-37 - 023.jpg,0
329,Wall02-01 - 042.jpg,1
330,Wall01-06 - 026.jpg,0
331,Wall02-32 - 041.jpg,1
332,Wall02-32 - 045.jpg,1
333,Wall02-33 - 043.jpg,1
334,Wall02-20 - 019.jpg,1
335,Wall02-20 - 023.jpg,0
336,Wall02-12 - 015.jpg,1
337,Wall02-28 - 033.jpg,0
338,Wall01-04 - 010.jpg,0
339,Wall02-27 - 018.jpg,0
340,Wall01-06 - 017.jpg,0
341,Wall02-30 - 045.jpg,1
342,Wall02-33 - 027.jpg,1
343,Wall01-12 - 043.jpg,1
344,Wall02-17 - 031.jpg,0
345,Wall01-15 - 033.jpg,0
346,Wall01-06 - 020.jpg,1
347,Wall01-07 - 022.jpg,0
348,Wall02-26 - 014.jpg,1
349,Wall02-07 - 021.jpg,1
350,Wall02-13 - 031.jpg,0
351,Wall02-16 - 016.jpg,0
352,Wall01-05 - 013.jpg,1
353,Wall02-34 - 035.jpg,1
354,Wall02-06 - 019.jpg,1
355,Wall02-27 - 033.jpg,0
356,Wall01-06 - 042.jpg,0
357,Wall02-02 - 018.jpg,0
358,Wall01-06 - 023.jpg,0
359,Wall01-12 - 027.jpg,1
360,Wall02-05 - 028.jpg,0
361,Wall02-27 - 022.jpg,1
362,Wall01-03 - 041.jpg,0
363,Wall02-22 - 035.jpg,0
364,Wall01-09 - 035.jpg,1
365,Wall02-33 - 029.jpg,1
366,Wall01-11 - 027.jpg,1
367,Wall02-28 - 038.jpg,0
368,Wall01-03 - 011.jpg,0
369,Wall02-24 - 036.jpg,1
370,Wall02-13 - 038.jpg,0
371,Wall01-05 - 038.jpg,0
372,Wall01-01 - 038.jpg,0
373,Wall02-10 - 028.jpg,1
374,Wall01-02 - 009.jpg,0
375,Wall01-12 - 020.jpg,0
376,Wall02-32 - 033.jpg,1
377,Wall02-19 - 039.jpg,0
378,Wall01-14 - 025.jpg,0
379,Wall01-05 - 044.jpg,1
380,Wall01-08 - 042.jpg,1
381,Wall02-36 - 020.jpg,1
382,Wall02-29 - 046.jpg,1
383,Wall02-25 - 031.jpg,1
384,Wall02-01 - 047.jpg,0
385,Wall01-02 - 026.jpg,0
386,Wall02-19 - 035.jpg,1
387,Wall02-10 - 026.jpg,0
388,Wall02-01 - 031.jpg,1
389,Wall01-05 - 036.jpg,1
390,Wall02-21 - 037.jpg,0
391,Wall02-16 - 009.jpg,0
392,Wall02-18 - 012.jpg,1
393,Wall02-26 - 022.jpg,1
394,Wall01-15 - 027.jpg,1
395,Wall02-14 - 039.jpg,0
396,Wall02-12 - 023.jpg,0
397,Wall02-35 - 030.jpg,1
398,Wall02-10 - 022.jpg,1
399,Wall01-03 - 030.jpg,1
400,Wall02-34 - 036.jpg,1
401,Wall01-02 - 015.jpg,0
402,Wall02-26 - 025.jpg,0
403,Wall01-11 - 037.jpg,1
404,Wall01-15 - 036.jpg,1
405,Wall02-14 - 014.jpg,1
406,Wall02-06 - 035.jpg,1
407,Wall02-03 - 047.jpg,0
408,Wall02-16 - 017.jpg,0
409,Wall02-11 - 027.jpg,0
410,Wall02-37 - 017.jpg,1
411,Wall02-30 - 020.jpg,1
412,Wall02-29 - 033.jpg,0
413,Wall02-27 - 043.jpg,0
414,Wall01-11 - 030.jpg,1
415,Wall02-08 - 013.jpg,1
416,Wall02-05 - 039.jpg,1
417,Wall02-01 - 018.jpg,0
418,Wall01-14 - 027.jpg,1
419,Wall02-08 - 014.jpg,0
420,Wall02-32 - 025.jpg,1
421,Wall02-07 - 034.jpg,0
422,Wall01-02 - 035.jpg,0
423,Wall02-06 - 029.jpg,0
424,Wall02-27 - 036.jpg,0
425,Wall01-06 - 030.jpg,1
426,Wall01-12 - 029.jpg,1
427,Wall02-04 - 009.jpg,1
428,Wall02-04 - 038.jpg,0
429,Wall01-02 - 013.jpg,0
430,Wall01-10 - 028.jpg,1
431,Wall02-09 - 009.jpg,0
432,Wall02-34 - 038.jpg,1
433,Wall01-12 - 034.jpg,0
434,Wall02-26 - 030.jpg,1
435,Wall02-18 - 034.jpg,1
436,Wall02-15 - 028.jpg,0
437,Wall02-04 - 036.jpg,0
438,Wall02-37 - 044.jpg,1
439,Wall02-27 - 034.jpg,0
440,Wall02-36 - 023.jpg,0
441,Wall01-05 - 030.jpg,1
442,Wall02-25 - 019.jpg,1
443,Wall02-35 - 037.jpg,1
444,Wall01-05 - 018.jpg,1
445,Wall02-13 - 027.jpg,0
446,Wall02-07 - 020.jpg,1
447,Wall02-14 - 017.jpg,0
448,Wall02-29 - 029.jpg,1
449,Wall02-10 - 033.jpg,0
450,Wall02-03 - 025.jpg,1
451,Wall02-35 - 035.jpg,1
452,Wall02-13 - 035.jpg,0
453,Wall02-26 - 017.jpg,1
454,Wall02-18 - 018.jpg,1
455,Wall02-26 - 010.jpg,0
456,Wall02-17 - 022.jpg,0
457,Wall02-04 - 010.jpg,1
458,Wall02-02 - 019.jpg,0
459,Wall02-04 - 033.jpg,1
460,Wall01-10 - 026.jpg,1
461,Wall02-26 - 031.jpg,1
462,Wall02-17 - 010.jpg,1
463,Wall02-35 - 042.jpg,1
464,Wall02-12 - 022.jpg,1
465,Wall02-13 - 039.jpg,0
466,Wall02-12 - 014.jpg,1
467,Wall02-13 - 029.jpg,0
468,Wall02-27 - 028.jpg,0
469,Wall02-14 - 011.jpg,0
470,Wall02-16 - 020.jpg,1
471,Wall02-16 - 011.jpg,0
472,Wall02-36 - 030.jpg,1
473,Wall02-15 - 039.jpg,1
474,Wall02-18 - 031.jpg,0
475,Wall02-02 - 035.jpg,0
476,Wall01-03 - 040.jpg,0
477,Wall01-02 - 031.jpg,0
478,Wall02-07 - 025.jpg,1
479,Wall02-25 - 020.jpg,1
480,Wall02-37 - 025.jpg,1
481,Wall01-11 - 033.jpg,0
482,Wall01-01 - 033.jpg,0
483,Wall01-07 - 021.jpg,1
484,Wall02-31 - 023.jpg,0
485,Wall02-09 - 029.jpg,1
486,Wall02-02 - 038.jpg,1
487,Wall01-03 - 037.jpg,1
488,Wall01-06 - 021.jpg,1
489,Wall02-03 - 026.jpg,1
490,Wall02-22 - 036.jpg,0
491,Wall02-03 - 035.jpg,1
492,Wall02-01 - 039.jpg,0
493,Wall01-06 - 034.jpg,0
494,Wall02-14 - 009.jpg,0
495,Wall02-37 - 029.jpg,1
496,Wall02-35 - 043.jpg,1
497,Wall02-20 - 026.jpg,1
498,Wall02-16 - 030.jpg,0
499,Wall01-02 - 029.jpg,0
500,Wall02-37 - 041.jpg,1
501,Wall01-14 - 036.jpg,1
502,Wall02-15 - 036.jpg,0
503,Wall02-13 - 010.jpg,1
504,Wall01-06 - 014.jpg,0
505,Wall01-12 - 031.jpg,0
506,Wall01-07 - 038.jpg,0
507,Wall01-06 - 037.jpg,1
508,Wall02-17 - 037.jpg,0
509,Wall02-34 - 022.jpg,1
510,Wall01-01 - 037.jpg,0
511,Wall02-11 - 012.jpg,1
512,Wall02-37 - 019.jpg,1
513,Wall02-38 - 039.jpg,1
514,Wall02-36 - 033.jpg,1
515,Wall02-15 - 042.jpg,1
516,Wall01-04 - 031.jpg,0
517,Wall02-26 - 019.jpg,1
518,Wall02-35 - 036.jpg,1
519,Wall01-05 - 034.jpg,0
520,Wall01-07 - 030.jpg,1
521,Wall01-03 - 019.jpg,0
522,Wall01-05 - 028.jpg,1
523,Wall02-08 - 026.jpg,1
524,Wall02-16 - 032.jpg,0
525,Wall01-15 - 046.jpg,1
526,Wall02-22 - 034.jpg,0
527,Wall01-02 - 018.jpg,0
528,Wall02-34 - 034.jpg,1
529,Wall02-31 - 021.jpg,1
530,Wall02-37 - 022.jpg,1
531,Wall01-15 - 044.jpg,1
532,Wall02-05 - 033.jpg,0
533,Wall01-01 - 034.jpg,0
534,Wall02-16 - 018.jpg,0
535,Wall02-26 - 015.jpg,0
536,Wall02-13 - 036.jpg,0
537,Wall02-21 - 042.jpg,1
538,Wall02-22 - 020.jpg,0
539,Wall01-15 - 028.jpg,1
540,Wall01-12 - 038.jpg,1
541,Wall01-12 - 019.jpg,1
542,Wall02-07 - 028.jpg,0
543,Wall02-15 - 046.jpg,1
544,Wall02-31 - 044.jpg,1
545,Wall02-18 - 037.jpg,0
546,Wall02-28 - 027.jpg,1
547,Wall01-02 - 036.jpg,0
548,Wall02-28 - 031.jpg,1
549,Wall01-11 - 018.jpg,1
550,Wall02-21 - 028.jpg,1
551,Wall01-14 - 045.jpg,1
552,Wall01-04 - 009.jpg,1
553,Wall01-02 - 043.jpg,0
554,Wall02-26 - 027.jpg,0
555,Wall02-17 - 025.jpg,0
556,Wall02-27 - 021.jpg,1
557,Wall02-07 - 031.jpg,0
558,Wall02-36 - 021.jpg,1
559,Wall02-31 - 027.jpg,1
560,Wall01-04 - 020.jpg,0
561,Wall01-01 - 029.jpg,0
562,Wall01-02 - 033.jpg,0
563,Wall02-13 - 025.jpg,0
564,Wall02-15 - 023.jpg,0
565,Wall02-02 - 047.jpg,0
566,Wall01-13 - 043.jpg,1
567,Wall02-08 - 025.jpg,0
568,Wall02-11 - 023.jpg,1
569,Wall02-36 - 025.jpg,1
570,Wall02-01 - 035.jpg,0
571,Wall02-14 - 018.jpg,0
572,Wall02-22 - 029.jpg,0
573,Wall01-11 - 022.jpg,0
574,Wall02-11 - 021.jpg,1
575,Wall02-26 - 029.jpg,1
576,Wall02-05 - 038.jpg,1
577,Wall01-09 - 018.jpg,0
578,Wall02-38 - 026.jpg,1
579,Wall01-04 - 025.jpg,0
580,Wall02-04 - 026.jpg,1
581,Wall02-31 - 029.jpg,0
582,Wall02-03 - 027.jpg,1
583,Wall02-31 - 045.jpg,1
584,Wall01-12 - 028.jpg,0
585,Wall01-03 - 043.jpg,0
586,Wall02-31 - 025.jpg,1
587,Wall01-06 - 031.jpg,0
588,Wall02-23 - 034.jpg,1
589,Wall02-12 - 027.jpg,1
590,Wall02-08 - 034.jpg,0
591,Wall02-25 - 015.jpg,0
592,Wall02-31 - 037.jpg,0
593,Wall02-07 - 023.jpg,1
594,Wall02-09 - 017.jpg,1
595,Wall02-33 - 033.jpg,0
596,Wall01-03 - 039.jpg,1
597,Wall01-04 - 036.jpg,0
598,Wall02-33 - 025.jpg,1